gene,std
0610040B10Rik,1.7722318224671947
0610040J01Rik,1.754063319468605
0610043K17Rik,1.783034602820808
1110002L01Rik,1.7312262722864762
1110017D15Rik,1.8279305591938282
1110019D14Rik,1.7761415308590036
1110046J04Rik,1.7569642661465734
1500009L16Rik,1.6780627878759977
1600020E01Rik,1.8916520653577782
1700016P03Rik,1.6724076041913247
1700024B18Rik,2.330280098547955
1700029J07Rik,1.7388807700771631
1700066B19Rik,1.9652685121218338
1700084C06Rik,1.73507185762529
1700087I21Rik,1.7056588492772662
1700088E04Rik,1.7287839191072878
1700123M08Rik,1.6825079976375756
2010300C02Rik,1.7348144456479189
2310016D03Rik,1.8301014711575831
2310058D17Rik,1.7217514600408352
2410004B18Rik,1.7000777377227219
2510039O18Rik,1.7622265773188797
2610002M06Rik,1.8928130009836663
2610021A01Rik,1.7901396866033086
2610044O15Rik8,1.5927632423801277
2610316D01Rik,1.850428557397861
2700049A03Rik,1.774238158786056
2700069I18Rik,1.7711245998141543
2810032G03Rik,1.7497357065976906
2810403D21Rik,1.739224470796372
2810405F17Rik,1.738771833620061
2900060N12Rik,1.7551893334514526
3110083C13Rik,1.7498617567755188
3300002I08Rik,1.887748202467903
4430402I18Rik,1.7438511953161941
4632404H12Rik,1.7700541574298525
4921524J17Rik,1.7799976230944952
4930412C18Rik,1.7480672264571175
4930428E07Rik,2.0249604932240888
4930430F08Rik,1.751863725548643
4930432B10Rik,1.7412233917191022
4930444A19Rik,1.7419592075250074
4930447C04Rik,1.9122692635949692
4930452B06Rik,1.533926612951798
4930453N24Rik,1.7625876966581984
4930488L21Rik,1.7560938137423858
4930503L19Rik,1.7526841283740149
4930509J09Rik,1.7705832480775046
4930517O19Rik,1.6263895711298
4930571N24Rik,1.7452657454896112
4930579K19Rik,1.730583220475089
4930598N05Rik,1.75058425055223
4931415C17Rik,1.7315280169151364
4933406C10Rik,1.7355256977907898
4933424G05Rik,1.8072382663397952
5033406O09Rik,1.7309541282482999
5330439K02Rik,1.7277995646759143
5730522E02Rik,1.7253722273590808
6030443J06Rik,2.0135407785723234
6230400D17Rik,1.9753168311307292
6330411D24Rik,1.7794522187773325
6530401F13Rik,1.6521996748717662
6530403H02Rik,1.9385607683085258
8030451O07Rik,1.7468066956205677
8430429K09Rik,1.7112068887582734
9230112J17Rik,1.7333930476634476
9330117O12Rik,1.7566750208412218
9530051G07Rik,1.9162475454579642
9530062K07Rik,1.84253093405911
9530077C05Rik,1.7486955271056703
A230056P14Rik,1.7418295029714324
A230072E10Rik,1.7353747692823798
A230087F16Rik,1.8045125140262381
A330040F15Rik,1.7609777753305524
A330102I10Rik,1.7490753368135625
A430010J10Rik,1.831177171258375
A430033K04Rik,1.745034752013572
A530072M11Rik,1.751707180863327
A630089N07Rik,1.7359631318931772
A730056A06Rik,1.814566704795182
A730081D07Rik,1.740745203845267
A830018L16Rik,1.8027593061149076
A930005H10Rik,1.7828596229751426
A930007I19Rik,1.7392137609339926
AC149090.1,1.7635443038478562
AI413582,1.710502443409043
AU022252,1.7625260167226806
AU041133,1.7546739422868571
Aamdc,1.7552226534937831
Aar2,1.8574987611860339
Aasdh,1.7241934218298585
Abca13,1.7026477637925035
Abcb1b,1.7166019587041075
Abcb7,1.7351005428111472
Abcb9,1.8019485123777947
Abcc8,1.829802676800656
Abcg1,1.7738293380624557
Abhd3,1.8390760740738772
Abhd4,1.7617485011031664
Abhd5,1.7302702365663536
Abitram,1.762690459790766
Abraxas2,1.7562970044820252
Acaa1a,1.7872166618438634
Acacb,1.7417845967202155
Acad10,1.7507126712367886
Acad8,1.744618003827497
Acap3,1.6704852420909315
Acat2,1.8325196256556207
Acot11,1.7295430728518997
Acot13,1.7655904586527171
Acot9,1.7316408105359935
Acsl5,1.7427934591615397
Actl6a,1.6520467345375944
Actn1,1.7356590478331293
Actn2,1.7070881426139835
Actr6,1.7822308267732572
Adal,1.7492698712883403
Adam15,1.7276965322956797
Adam32,1.7121453037926697
Adamts18,1.731119231151195
Adamts2,1.7719475626756986
Adamtsl2,1.7398743845853404
Adat1,1.5498853571201545
Adcy1,1.7833028539483873
Adcy3,1.675686588347215
Adcy8,1.722313383350725
Adgra3,1.7422265404480584
Adgrl2,1.76365914165293
Adgrv1,1.7186524552644105
Adra1a,1.7925548249492427
Aff1,1.825520854436296
Agbl1,1.7286461498536034
Agfg2,2.1257611368972267
Agtr1a,1.8417618097965291
Ahr,1.6436632812796836
Aifm3,1.7180956900795494
Airn,1.757421563756331
Aldh1l2,1.755100095491266
Aldh5a1,1.7613559592882382
Aldh6a1,1.7471179163436468
Aldh9a1,1.738579072287609
Aldoc,1.7099323024796522
Alg13,1.7414360916345843
Alg14,1.6922150567473448
Alg2,1.727211815518711
Alg6,1.7695689597372655
Alg8,1.604757222906857
Alkal2,1.7461556724326766
Alkbh2,1.627338293244291
Alkbh5,1.7462522720038296
Amd1,1.7335340995667952
Amigo2,1.7144262457598716
Amotl1,1.7346169289357354
Anapc11,1.7463004377793847
Angpt2,2.1316260459892304
Ankrd26,1.627355073257108
Ankrd33b,1.749807860934502
Ankrd34c,1.728047180504825
Ankrd49,1.7627104598525651
Ano1,1.8343119736801996
Anp32a,1.976044625167621
Aoah,1.7385077310461083
Ap1s1,1.7533513563626024
Apaf1,1.763395354105348
Aph1b,1.7628609006112963
Apip,1.7818774096999523
Apod,1.7375711510954674
Apol10a,1.7460787218149023
Ar,1.7315728274402915
Arap2,1.7592404478454318
Arhgap10,1.736490930801167
Arhgap15,1.5907051976758464
Arhgap42,1.8016081843925154
Arhgap6,1.7469760079731196
Arhgdig,1.7368339300770144
Arhgef10,2.1334338228961958
Arhgef25,1.8064627805951126
Arhgef33,1.798908201597256
Arhgef4,1.9102776830630517
Arid3a,1.76960616956376
Arid3b,1.7571126732293403
Arl4a,1.723042284779501
Arl4c,1.7642537520832733
Arl6ip6,1.7286404125339876
Armcx4,1.7856366887791366
Arpc3,1.7884139147262863
Arpp21,1.6665621112123834
Arsk,1.7832632827809831
Asah2,1.681819787533581
Asb13,1.7882048840324587
Asb4,1.8408826148126072
Asb8,1.7717134730231194
Ascc1,1.7848856236499957
Ass1,1.8280281818776964
Aste1,1.7633530433062026
Atad2,1.7238217619271141
Atad5,1.7364192268252638
Atg14,1.7800186882824496
Atg4d,1.8232542220442105
Atic,1.7319353143699523
Atox1,1.7214067212875175
Atp1a2,1.7370919702663241
Atp2b3,1.725829183105209
Atp8b4,1.7364152573700202
Atp8b5,1.7145947157489752
Aven,1.6743278406105602
B130034C11Rik,1.6864488693291844
B230216N24Rik,1.7454016760876288
B230217C12Rik,1.7843163882930928
B230307C23Rik,1.551690921223061
B230312C02Rik,1.7435945424936463
B230334C09Rik,1.904124730279465
B230369F24Rik,1.7487298022166726
B3galnt1,1.7478325345487478
B3galt2,1.7436181133981083
B3gat2,1.738139428802045
B3gntl1,1.758678356691229
BC002059,1.711800179930303
BC065397,1.862037240181406
BC067074,2.05174258197455
Bag1,1.6016344794373547
Bag2,1.768754627107712
Bag4,1.740031988256097
Bcar3,1.812503353681221
Bcas1,1.7519454907379377
Bche,1.737393584022884
Bcl2,2.078395653973636
Bcl7c,1.7414780324319474
Bcor,1.7282957683081914
Bcorl1,1.7525264356053318
Bcs1l,1.7412243672297336
Bdh1,1.7554444882380693
Bdnf,1.7257436561793031
Bet1,1.7323844115433396
Bex1,1.742966648265736
Bex3,1.7470222503509936
Bicc1,1.7422596519742846
Bin3,1.7582924695823081
Blcap,1.672492547629301
Blm,1.908902744583267
Bmper,1.7029624420363576
Bnip3,1.761576455527522
Bola3,1.6991648810035893
Borcs7,1.7994222317102915
Bphl,1.7517397752041042
Bri3,1.729705117238297
Brinp2,1.7399687729130087
Brinp3,1.7488183431504392
Brpf1,1.752686048509244
Brpf3,2.262829363744062
Brwd3,1.5331143132256153
Btg1,1.7189524390013
C030034I22Rik,1.735322088842471
C030034L19Rik,1.7190863910568144
C030047K22Rik,1.8273804494579873
C1d,1.5562021218566395
C1galt1,1.8091623578117675
C230037L18Rik,1.6659732807161736
C330007P06Rik,1.7165683765232864
C330018D20Rik,1.8235603621212453
C9orf72,1.7392653237604014
CAAA01118383.1,1.7258281645236473
Cabcoco1,1.7848918583218234
Cadps2,1.7497883682918387
Cage1,1.6903442291738895
Calca,1.9325922983415043
Cald1,1.9408018678174472
Camk2n1,1.8301513978542416
Caprin2,1.9653949023215407
Car2,1.8276033847380828
Carnmt1,1.7378894071344009
Casp8ap2,1.911060187429832
Catsper2,1.6763445799822543
Cbfb,1.7267011251179656
Cbll1,1.7406703377711725
Cbwd1,1.748880176514584
Cbx7,1.7361600801102222
Ccdc141,1.7730023074367152
Ccdc171,1.6258806958627268
Ccdc173,1.8800291855082005
Ccdc187,1.791950919890898
Ccdc25,1.7834397252104084
Ccdc34,1.7689325071184214
Ccdc57,1.744134959939914
Ccdc58,1.75694888650335
Ccdc74a,1.7865188076314584
Ccdc77,1.8405233263674985
Ccdc88c,1.7284468236850057
Ccdc92b,1.85529800151216
Cd164,1.754527701943358
Cd55,1.8122969268338394
Cd59a,1.773714576934103
Cda,1.942159756736492
Cdh12,1.7438298637111174
Cdh20,1.7683673848792092
Cdh4,1.7440229377795347
Cdh7,1.7208712912006587
Cdh9,1.7561686256040423
Cdk19,1.6766681936500227
Cdk5rap2,1.7351187752255433
Cdkl5,1.690319108201331
Cdkn2aip,1.709293472507005
Cdr2,1.7541234100869145
Cds1,1.7468593886218802
Cdyl,1.6442426875883769
Cebpz,1.7425398027856849
Cemip,1.7404111751259486
Cemip2,1.6876847187402375
Cenpp,1.7215991256046566
Cep112,1.7415125833980434
Cep19,1.6908711053564915
Cep57l1,1.7285055199228687
Cep83os,1.7260352424292709
Cep85,1.842216670188067
Cep85l,1.762621812908779
Cep97,1.787144955568192
Cerkl,1.7284585549827163
Cetn4,1.6916077413696937
Cfap206,1.7106446077136257
Cfap299,1.714115589270232
Cfap44,1.717157265482826
Cfap46,1.7475621421495735
Cfap47,1.7674523665585309
Cfap61,1.9416205472882728
Cfap97,1.7759049546855477
Cggbp1,1.7467182343205878
Cgref1,1.75338173215425
Cgrrf1,2.123642394710612
Chac2,1.7552840434912365
Champ1,1.7870567581674477
Chchd10,1.7327195304465124
Chchd2,1.7332241248729003
Chchd4,1.9456246437146252
Chd3,1.8785374679377087
Chd7,1.6845071063252357
Cherp,1.5505456214589763
Chrna6,1.758922645560162
Chst12,1.8449306153685494
Chsy1,1.7028195437836353
Chsy3,1.7377282123223812
Cisd1,1.7747727997672937
Ckmt1,1.741932413594645
Cldn12,1.616589506450507
Cldn34c1,1.7564276543339492
Clgn,1.8981270895287699
Clptm1l,1.74518130053517
Cluap1,1.824791790793416
Clybl,1.7393810558540286
Cmbl,1.93568948683442
Cmc1,1.7279890921716095
Cmc2,1.9900614391984564
Cnbd2,1.5779370089364646
Cngb1,1.8386069037944484
Cnih1,1.7374220502201227
Cnih3,1.7400355442125304
Cnnm3,1.7238713367976812
Cnot8,1.8814751144348918
Cnpy1,1.7485667161181715
Cntln,1.7926087990631332
Cntn2,1.7463152445194676
Cntn3,1.710747025523156
Cntnap5b,1.7415935351420433
Cog7,1.6982350464075329
Col18a1,1.8130502357678475
Col24a1,1.6911724466565534
Col25a1,1.7606275858412919
Col6a5,1.7804646530467225
Col8a1,1.7416581453591824
Colec12,1.963333657245395
Commd1,1.7528287578314525
Commd3,1.7340679598818631
Coprs,1.7480944052318967
Coq10b,1.7228179786006055
Coq3,1.748485966100579
Coq8b,1.703415850032004
Coro6,1.7416890848061217
Cox11,1.7709624848359171
Cox5b,1.635249412939449
Cplx2,1.7145554281252111
Cpne2,1.7094092450418286
Cpne4,1.7990122702305573
Cpne7,1.7543337612996035
Cpox,1.662563858584927
Cpped1,1.7599913314748743
Cpt1a,1.7463332047560893
Cracr2a,1.734077716677103
Cradd,1.746760608640526
Creb3l2,1.9949006221370342
Creg2,1.820872822423003
Crem,1.730961646172826
Crispld1,1.8568420865984336
Crlf3,1.746531800219775
Cryab,1.7466189869018336
Cryl1,1.7981305208761558
Csgalnact1,1.7653342191963395
Csmd3,1.7477001970426962
Ctnna1,1.7736102060566608
Ctps,1.796483471370395
Ctsl,1.8488878678512783
Ctxn2,1.6589414025056108
Cuedc2,1.8056574754515484
Cul4b,1.823482692865833
Cx3cl1,1.7193573053994788
Cyb5d2,1.7706141668280244
Cyp20a1,1.7400248056881351
Cyp2c55,1.7691152252279434
Cyp4f17,1.836470608358371
Cyp4x1,1.7269611785258445
Cyp7b1,1.7850017727695426
Cyth3,1.7321841674666012
D330023K18Rik,1.5670064962156622
D630024D03Rik,1.8049895256524653
D6Wsu163e,1.681462461416599
Dach1,1.7634145782226134
Daglb,1.8036951586042567
Dap,1.7899902606916587
Dars2,1.7948170417395968
Dbi,1.7463118828914619
Dcbld1,1.7440713452421306
Dcbld2,1.69852071818211
Dcp2,1.7181008848162331
Dcps,1.7538378548796545
Ddb2,1.7967342416703866
Ddit3,1.714026999333586
Ddx3y,1.7696199704097693
Deaf1,1.8990122957899496
Degs1,1.6615692687466703
Dennd2a,1.722303225862144
Denr,1.703846136807569
Dera,1.7200350595362417
Det1,1.7600787778657245
Dexi,1.71695795176102
Dgka,1.733911721632731
Dgkg,1.7337885811403861
Dglucy,1.6933870187224687
Dhrs13,1.742791864104372
Dhtkd1,1.686307081298878
Diaph2,1.7385532475410457
Diaph3,1.7593464496184852
Disp1,1.7427206543942544
Dlg3,1.6416364731809672
Dmac2,1.7077781022421177
Dmac2l,1.8059106754170182
Dmc1,1.7154350799530038
Dnah7b,1.6415239698093602
Dnaic1,1.6960737732122748
Dnajb1,1.7081553830075014
Dnajb12,1.7423789233950977
Dnajc19,1.7072589511342253
Dnajc2,1.798349855401975
Dnajc21,1.7448892322825613
Dnajc25,1.7440898752163307
Dnhd1,1.7515051826166752
Dnttip2,1.7323002714497249
Dock11,1.7752877627679162
Dock6,1.7669568252383496
Dpf3,1.7036853364798217
Dph5,1.7754960359566756
Dpp3,1.957070401581787
Dpy19l1,1.7427967965847635
Drc1,1.7398976845816183
Dsc2,1.7280709492503017
Dse,1.7316614210671366
Dtwd1,1.7354315269998504
Dtx4,1.7195277628374968
Dus4l,1.673258127669306
Dusp16,1.7359719372328353
Dynlrb1,2.5551607563616123
Dzip1l,1.729567108893537
E230001N04Rik,1.954191251359428
E430024P14Rik,1.7454561184693786
Ears2,1.7686097275208537
Ebf4,1.730585153170229
Ebpl,1.8508383449404264
Eda,1.9721935513468896
Edem1,1.7309587539767288
Edem2,1.7419761137150034
Eed,1.6167001060867103
Eef1akmt1,1.6638533513512692
Eef1b2,1.736820326180238
Efcab2,1.7234724649162532
Efcab5,1.7311329237405042
Efcab6,1.6974911469474085
Efcab7,1.7203261945691186
Efhc2,1.7368173459997671
Egfr,1.7347831270032572
Ehd4,1.7593200239124813
Ehhadh,1.8450126889733842
Eif1ax,1.6677049451638608
Eif1b,1.8622375298339888
Eif2b4,1.8594596900337235
Eif2s3y,1.8518588671899339
Elac1,1.7541584029491684
Elf1,1.746308759417279
Elk3,1.688379317749752
Elob,1.7920690600080744
Elovl4,1.7346020316631188
Elovl7,1.7604581561131827
Elp5,1.7540454810605057
Elp6,2.4399849293054707
Emc10,1.6159777909424091
Endod1,1.834513061223347
Enpp2,1.7339661254859065
Entpd3,1.7673574473037978
Entpd5,1.7656400344024172
Epha4,1.677735649863537
Epha7,1.8437651590649673
Ephb1,1.8291636826166877
Erbb4,1.8340451103112405
Ercc8,1.731405688219501
Erg28,1.8971209434319725
Erh,1.8344104361048763
Eri2,1.726308066037558
Erich1,1.7460321250120758
Erlin2,1.7318376097677772
Ermp1,1.7581906969258756
Ero1lb,1.9497488260923421
Esd,1.6564091985801137
Esr1,1.5262437172382455
Esyt3,1.7567329299672136
Etf1,1.734724344476862
Etl4,1.8068641437056496
Etv1,1.755102236286581
Etv5,1.7575039632396734
Etv6,1.7644663854368554
Exosc1,1.740971322039974
Extl2,1.8403277065946775
Eya1,1.807332044784715
F13a1,1.819119588676626
F730043M19Rik,1.7261156331260301
F8,1.7333470764298944
Fabp3,1.6374793975719846
Fabp5,1.7612304623171986
Fads2,1.7613296005925643
Faim,1.7648089888931784
Fam102a,1.68230051665567
Fam122a,1.7561752559973849
Fam129a,1.7606526025420426
Fam151b,1.8527179431965608
Fam162a,1.8781883729649664
Fam163b,1.745768386279035
Fam184b,1.7441902103307623
Fam189a2,1.7119974624881344
Fam20b,1.7337986446777003
Fam216a,1.7523581241858806
Fam228b,1.7393650296564307
Fam234a,1.6639323031382522
Fam241a,1.7355123703323896
Fam3c,1.7371087299350394
Fam71d,2.060595235769346
Fam76a,1.7142445015974042
Fam78b,1.7420178343568624
Fan1,2.148643494095014
Fancc,1.709871043510753
Fancl,1.713000177546133
Fancm,1.7795124423021316
Fbxo16,1.7131427241525186
Fbxo30,1.7620147101536563
Fbxo32,1.738905435474954
Fbxo36,1.750466694075239
Fbxo4,1.7770496607891704
Fbxo45,1.7127711344859553
Fbxo7,1.7366668177688263
Fbxw17,1.7386597677785665
Fcf1,1.7312858918964498
Fdps,1.7484282634593615
Fech,1.7207097404800777
Fgd5,1.7633899293123496
Fgd6,1.7342664233938554
Fhad1,1.7629093475018156
Fhl2,1.7307362986880488
Filip1,1.7289884932487491
Fkbp1b,1.7476220025504208
Fkbp4,1.7710015347099637
Flna,1.7260481959681098
Flrt2,1.7389862797711506
Flrt3,1.737627891656413
Flt3,1.7458351050362575
Fndc5,1.7685060338491136
Foxn2,1.7311854960751354
Foxo1,1.9051672504712205
Foxo3,1.6276904077104812
Fpgt,1.7623450300953676
Fsip1,1.788775626921164
Fxyd6,1.7927679179330158
Fzd3,1.650503237825828
G2e3,1.7606726480493842
G630016G05Rik,1.7426081467599226
G6pdx,1.8961659762129184
Gab1,1.763287813097919
Gab3,2.16935589605682
Gabarap,1.6929201130262004
Gabpa,1.7603902944047936
Gabpb1,2.0355252234676633
Gabpb2,1.7482552327524719
Gabra4,1.7379798946371898
Gabre,1.8230478334765967
Gabrg3,1.7380724785385617
Gad2,1.7891713200003752
Gal,1.7381253128529448
Galc,1.733870815032831
Galnt12,1.7268515051043496
Galnt16,1.816165267620292
Ganc,1.8208300313460775
Gart,1.768312291805011
Gas7,1.7528128077008789
Gatad1,1.7563820694556755
Gatad2a,1.740127591491535
Gatb,1.7505041590188135
Gatm,1.7429203404188747
Gbe1,1.7689388472800796
Gcfc2,2.0698619136666543
Gch1,1.7456327872310777
Gdpd5,1.5430742501168695
Gemin5,1.7429015672032706
Ggact,1.919862645857863
Gid4,1.930804549099473
Gin1,1.6917280759111653
Gipc2,1.7421177877470295
Gk5,1.7045970438110687
Glb1,1.7637707132140337
Gle1,2.435654396224347
Glis3,1.7650014387271924
Glra1,1.7224101156335159
Glra3,1.6245802392432358
Glt1d1,1.6583000786735662
Glul,1.7364409002537748
Gm10069,1.733825323019743
Gm10544,1.734957439698942
Gm10649,1.7209872686340328
Gm10785,1.7378708338372915
Gm11099,1.677553136129096
Gm11454,1.7724447775212637
Gm11508,1.752200298314806
Gm11638,1.7435816582762522
Gm11817,1.7353913835876558
Gm11906,1.7379082164289212
Gm12092,1.774587308884219
Gm12258,1.7204809875291327
Gm12353,1.6656087279718126
Gm12371,1.756345450305692
Gm12709,1.7435099431222174
Gm13830,1.7803451402179888
Gm13844,1.6863452569045383
Gm13936,1.8528120043904677
Gm13986,1.7275326551149919
Gm14280,1.7438476779785481
Gm14418,1.7036955709636823
Gm14532,1.72731804793
Gm14634,1.708600857552389
Gm15155,1.7320803199995767
Gm15246,1.799117617809184
Gm15270,1.8914357380869093
Gm15283,1.7616593221919086
Gm15398,1.7675233719073788
Gm15738,1.7420389414075201
Gm15991,1.812385628307298
Gm16036,1.7549536866293165
Gm16091,1.6995942323753435
Gm16351,1.7472874328520838
Gm16759,1.754063682376125
Gm16794,1.6322303206779871
Gm16897,1.618750261520968
Gm17092,1.7791584390743436
Gm17435,1.7376951180581481
Gm17484,1.7209666183605346
Gm19265,1.800410696240309
Gm20033,1.7445805516600057
Gm20045,1.7277592534566446
Gm20743,1.7744935094451526
Gm2115,1.7790637815695671
Gm21887,1.7606170921957602
Gm2447,1.787273251219456
Gm2516,1.7858333223380558
Gm26608,1.8847917566301942
Gm26760,1.742219613807303
Gm26843,1.74860374772213
Gm26879,1.963724864577058
Gm26901,1.7477125491484145
Gm26910,1.7578401897039968
Gm27188,1.7332050165974577
Gm2762,1.7294059137963318
Gm28050,1.7436541871977438
Gm28154,1.7216030061444767
Gm2824,1.7441154683064826
Gm28403,1.7076460347864837
Gm29088,1.718441651773713
Gm29266,1.7341170420063603
Gm29674,1.7450041280923683
Gm29724,1.7270421465020314
Gm30054,1.738720238168993
Gm30524,1.6403286784064535
Gm31282,1.744049402570298
Gm32014,1.7090426955639553
Gm32442,1.7231062636819483
Gm32509,1.7648166407424486
Gm32569,1.7332054383854876
Gm32647,1.65977852582258
Gm32856,1.7372409245565927
Gm32926,1.7092996697911402
Gm3294,1.7225242941812156
Gm34907,1.7624448919793236
Gm35438 ENSMUSG00000118020,1.7398937373820578
Gm37035,1.724882054847122
Gm38413,1.849850819572967
Gm38604,1.7571051691278095
Gm40437,1.7630475317050296
Gm40841,1.695275634136939
Gm4107,1.7959349018986506
Gm41077,1.7479082448650902
Gm41333,1.7442435171064878
Gm41414,1.746449744505244
Gm41760,1.7928859086663527
Gm41804,1.7456061737847037
Gm4221,1.7353275950371099
Gm42413,1.7298447341342762
Gm43696,1.6382865516118519
Gm44129,1.7298214133439909
Gm44148,1.9199651125569042
Gm44777,1.73277286489992
Gm44992,1.7556543229302692
Gm45321,1.7575914515785942
Gm45352,1.7389136301120727
Gm45447,1.729903344083938
Gm45645,1.696100784634329
Gm45871,1.8391365535702826
Gm46367,1.923694868640981
Gm46430,1.7573312776425578
Gm47271,1.8766429899660706
Gm47283,1.6987405771908184
Gm47962,1.7112961525804782
Gm48091,1.7786440211219272
Gm48321,1.7314545358015176
Gm48383,1.8660726288813985
Gm49890,1.7214918244800883
Gm50240,1.7433842377171558
Gm5165,1.7619244118546011
Gm5820,1.7238270787514822
Gm6225,1.7507580875669866
Gm7072,1.651183952214132
Gm7160,1.9659857431745038
Gm7854,1.7442766791532103
Gm960,1.7420041983774814
Gm9725,1.7621880383507036
Gm9828,1.7806945079907077
Gnb4,2.346487813565474
Gng12,1.7205732249017271
Golph3l,1.7068287057137068
Gpam,1.7493085432796598
Gpatch11,1.7215525438890256
Gpc5,1.7282030280123302
Gpkow,1.716982335558909
Gpr137c,1.7754379749475833
Gpr155,1.7289837926753449
Gpr68,1.7392767357744956
Gpx3,1.742089712022587
Gramd3,1.759767216373488
Grem2,1.7481184141047286
Grin3a,1.737920875905024
Grk4,1.7685807485617018
Gsg1l,1.6584013459693119
Gsk3a,1.7584553705108126
Gsr,1.7773216037060817
Gss,1.7375334983951214
Gstcd,1.7591413572340158
Gtf2b,1.7764827581398661
Gtf2e1,1.692282083081324
Gtf2e2,1.7283104278282073
Gtf2ird2,1.6949999851010282
Gucd1,1.7159438768160524
Guk1,1.7802521892151042
Gulp1,1.7279999553589418
Gusb,1.7017553582509477
Gys1,1.7274814731139119
Gzf1,1.8555800559671918
Gzmk,1.729048813733669
H2afy2,1.7502366499018387
H3f3a,1.75141292970358
Hacl1,1.620697557802913
Hars,1.7135389619892254
Haus6,1.736627970246787
Hcn1,1.8017390638658737
Hcn2,1.7474470716815529
Hddc2,1.7918828557632906
Hdgfl2,1.7207695329701131
Hdx,1.9142344919686627
Hells,1.7933219699139027
Herc6,1.7615671508419846
Hfm1,1.6916886345049813
Hgsnat,1.7599452001268352
Hhat,1.7145160006710967
Hic2,1.7430040061017256
Hint3,1.6958303045606558
Hip1,1.7685514147847525
Hist1h2be,1.7384469576015669
Hist3h2ba,1.7601297855136482
Hmgcl,1.7395107990899716
Hmgn1,1.7490957832317955
Hmgxb4,1.729595203461921
Hmox2,1.7490232903126097
Hnmt,1.762561002042871
Hook2,1.727974293262543
Hpcal4,1.7399169933742042
Hs3st4,1.733635905454732
Hscb,1.8154818914153346
Hsd17b2,1.7441327716161779
Hsd17b7,1.7507769620312739
Hsd3b7,1.6566301693335144
Hsdl2,1.7458424581934944
Hsf5,1.859583531752768
Hspa13,1.737322361534782
Hspb11,1.7212707282979671
Hspbp1,1.7209446559733297
Htatsf1,1.7388316741926793
Htr2c,1.7313945118816532
Hunk,1.7220859857589532
Hypk,1.7433244800556424
Id2,1.7840622015280867
Id4,1.7596100485993984
Idh1,1.7445933904463895
Ifi27,1.769606556719533
Ifnar1,1.917107141384825
Ifnar2,1.7528490573395856
Igbp1,1.7447789257166793
Igsf21,1.6901316969298967
Igsf9b,1.74113757450147
Ik,1.765748728846832
Ikbip,1.7480408915914847
Ikbkg,1.7377386629510834
Ikzf2,1.7465237166612413
Ikzf4,1.7268788751539914
Il15ra,1.7459206645729655
Il17d,1.644075047661703
Il17rd,1.727315422599145
Il1rap,1.9446045657287434
Il1rapl1,1.855225464265057
Il1rapl2,1.7012503210669552
Impg2,1.7497710432693754
Ing3,1.6694918466531603
Ints7,1.751160050940118
Intu,1.781437811081014
Ipcef1,1.766382664597042
Iqch,1.655894500875337
Iqgap2,1.7590880339387918
Irak1bp1,1.7707194070350718
Irf3,1.7273342088303125
Irs1,1.8000628423542318
Irs2,1.7954053581136802
Itfg2,1.7306168044546
Itga3,1.7420632919835015
Itgb3bp,1.7238137916088905
Itgbl1,1.743939333005979
Itprid2,1.7544433795699153
Ivd,1.7875876200390226
Ivns1abp,1.9516284220387337
Jade3,1.7409764614579772
Jpt1,1.7972023770415124
Jpt2,1.816244532030966
Jund,1.6870940414405653
Junos,1.7436845018879268
Katnal2,1.7540989530963065
Kcna1,1.7425977380332092
Kcna2,1.6816541739003268
Kcnd2,1.7597563766106548
Kcnh5,1.7798023463283725
Kcnmb2,1.7397916588740947
Kcnq5,1.759281360424202
Kctd16,1.741308968897403
Kctd9,1.734290436540867
Kdelr2,1.6395006308017677
Kdm4a,1.7738158916811755
Kdm5d,1.6854751416177165
Kdm6b,1.8321188443411478
Khdrbs2,1.7651381051081216
Khdrbs3,1.690759136698717
Kif17,1.7452336175155736
Kif6,1.768169077846138
Kif9,1.763238084840829
Kirrel3,1.7481346776003346
Kit,1.747376427572176
Kiz,1.699573011943094
Klf3,1.752311579141844
Klf6,1.7540147205257588
Klf9,1.7432504214747642
Klhdc1,1.7622009990955043
Klhl11,1.7469999014558533
Klhl13,1.7737895786580598
Klhl20,1.7429321910684885
Klhl23,1.680922877350034
Klhl5,1.7833829059267847
Klhl8,1.7798486960068054
Klhl9,2.0262790736645204
Knop1,1.7254537492958362
Kremen1,1.7353457099373815
Krt222,1.6668969167641297
Ksr1,1.7290774881337603
Kyat1,1.583008003901481
L2hgdh,1.786103913414047
L3mbtl4,1.7575128504762398
Lactb,1.7473403938633767
Lage3,1.7527850882262839
Lama2,1.6900653836593373
Lama3,1.5997539829564407
Lamtor1,1.706776036535508
Lamtor2,1.729547514837004
Lancl2,1.8065716930515645
Lancl3,1.8122030353940566
Laptm4b,1.809877399683279
Larp7,1.696234147485808
Lbh,1.814791020628531
Lca5l,1.7544531643069425
Ldb2,1.7209272513845217
Ldb3,1.7814211451892994
Ldha,1.7152764596469399
Lgi2,1.662034091499362
Lgi3,1.7124123843849737
Lhfpl3,1.747982408112198
Lig3,1.7376364752203066
Lima1,1.8295290197511493
Lin54,1.6866021969483522
Lipa,1.6663793885692737
Lipo3,1.7588903717087603
Lix1,1.7084712176670216
Lix1l,1.7413474298746896
Lmln,1.8365039059803616
Lmnb1,1.7490089157171105
Lncenc1,1.7326780143962677
Lnx1,1.7278221989530156
Lonrf1,1.7420931971996492
Lpcat1,1.7072785812330065
Lpcat3,1.7357952600272308
Lpcat4,1.662438897898759
Lpin2,1.6945195614559359
Lrfn1,1.8032247428725134
Lrguk,1.8234642689209108
Lrmda,1.7367989608903736
Lrrc20,1.8323002988511523
Lrrc36,1.6635362846905646
Lrrc40,1.7396310702122966
Lrrc4c,1.7157416376962762
Lrrc51,1.7899509096938062
Lrrc6,1.6624228953309967
Lrrtm2,1.7151043661463394
Lrrtm4,1.7654804982065413
Lsm1,1.761223506640977
Lurap1l,1.7695385336055132
Luzp2,1.7946450013710125
Lynx1,1.709097672874509
Lypla1,2.0710591690164217
Lyplal1,1.7292780646217687
Lyrm1,1.7101444194839672
Lyrm4,1.8710267808625882
Lysmd3,1.7834367745922721
Mab21l2,1.7319632217189234
Macrod1,1.6244583792315876
Mad1l1,1.6896099344002318
Magt1,1.7374672500800221
Mal,1.6257299413645758
Mal2,1.8092992463202817
Malt1,1.7831213517605202
Mamdc2,1.7445870897167863
Maml1,1.71419215873804
Man2a1,1.867112364851435
Man2c1os,1.7290576217035454
Manea,1.7757188329001468
Maob,1.6602587198387
Map2k6,1.7408259385371945
Map3k19,1.7455272266546302
Map3k5,1.907249294315735
Mapk6,1.7259065136696803
Marc2,2.0017537522509357
Marcks,1.867960938366895
Matk,1.7997618221413647
Mb21d2,1.90176587358152
Mbtps2,1.79558157293881
Mcc,1.7451171425123884
Mcl1,1.824622049378895
Mcm9,1.723122190115031
Mcmdc2,1.690929986525748
Mcub,2.029876667296648
Mdm1,1.895095593017846
Med21,1.727491144168086
Med8,1.7534841349963757
Mef2c,1.812513817236894
Megf10,1.8194348273843637
Meis1,1.7378440691008197
Mesd,1.885019458140088
Mest,1.7104957753686505
Mettl1,1.744706972349712
Mettl15,1.7519870461608669
Mettl27,1.7614302331662963
Mettl6,1.793912840771389
Mettl8,1.752283367284862
Mex3c,1.761373859760927
Mfsd13a,1.7447699458525248
Mgat5b,1.8431493267767405
Mgll,1.8390311238040606
Mical2,1.7977631510305334
Micos13,1.694798422849179
Midn,1.782535828861296
Mipep,1.7227868568646256
Mitf,1.7465674134368838
Mlh1,1.7435146761403664
Mlh3,1.7722087332609024
Mllt3,1.6567517047883875
Mmd,1.7187611395954578
Mobp,1.7742376627194456
Mon1a,1.6386116274586415
Morc4,1.7465614185235223
Mov10,1.7473413732686045
Mpp2,1.658456490904617
Mpv17,1.9181551353981683
Mpzl1,1.812380477357512
Mre11a,1.825307821626757
Mrpl21,1.752599248615615
Mrpl27,1.8246293262505155
Mrpl38,1.696657933675691
Mrpl48,1.7059035098587743
Mrpl58,1.73611406226384
Mrps21,1.7453860013873708
Mrrf,1.8499358988882697
Msantd3,1.7504545631260071
Msh2,1.7474434875979317
Msra,1.6981647791765375
Msrb3,1.6989785215889264
Mterf2,1.7346512103007818
Mthfd1,1.7258478313773644
Mthfd2,1.7565742377268043
Mthfd2l,1.7773563478249603
Mtmr10,1.7430314787639392
Mtmr14,1.7137288170001923
Mtmr2,1.7412568644402755
Mto1,1.708080573555177
Mtr,1.6971760767075155
Mturn,1.741075707239346
Mxd4,1.7298810059813325
Mxi1,1.741798313488148
Mycbpap,1.7390920080114147
Myh14,1.7382122130684694
Myo16,1.7693471079887715
Myo18b,1.7557248232782043
Myo19,1.671698036986149
Myo1c,1.771753755889254
Nab1,1.8031896799468652
Nacc1,1.7812872871239847
Nadk2,1.7713455733402863
Naf1,1.8513157890945908
Nanos1,1.7430762786202698
Nap1l2,1.733316595607349
Nap1l3,1.7690361442915854
Napepld,1.5546057987131812
Nbdy,1.7668622643655563
Ncdn,1.7404225040241994
Nckap5l,1.7414273398290745
Ncmap,1.8002073619773682
Ncoa4,1.7643606415312982
Ncstn,1.6422799024895585
Ndst1,1.7630972982174153
Ndst3,1.6398326870072095
Ndufa4,1.7231006759874015
Ndufa7,1.7487813055410413
Ndufa8,1.4555556764329511
Ndufb4,1.7359070374554306
Ndufb9,1.7349951441714553
Ndufc2,1.7255548139259502
Ndufs5,1.7274811727861803
Neb,1.7629482449815408
Necap2,1.7376704377907826
Nectin1,1.7457736838802078
Nectin2,1.725967191740843
Nedd1,1.7238672091309406
Nedd9,1.5949770328857746
Nefh,1.7399349663745183
Nefm,1.742367900350347
Nek10,1.7581237220542205
Nek3,1.79661868988322
Nek7,1.8292563075626114
Neto2,1.8216810953564841
Neu1,2.092478478146323
Nfatc2,1.7624979816767792
Nfe2l2,1.7451065162062525
Nfu1,1.7152082014015322
Nhlh2,1.7298449060221384
Nhlrc2,1.6547984076664692
Nim1k,1.780176781502919
Ninl,2.071734056193386
Nipal3,1.781459559339659
Nlgn3,1.7601626476101688
Nlrc3,1.7458274497239596
Nme2,1.7092764182364704
Nmnat3,1.7786482742941714
Nnat,1.8152375748626555
Nol4,1.707151128805786
Nol8,1.759482617611373
Nolc1,1.6851779380638248
Nono,1.789171120518144
Nop14,1.7580055168024886
Nos1,1.7281261599951183
Nova1,1.733117544459466
Nox1,1.8137749876378355
Nox4,1.7528450773026816
Npc2,1.7521569481797068
Nphp1,1.736554672847413
Npr3,1.7065100664558803
Nr6a1os,1.7857992527933824
Nras,1.7160828832596235
Nrep,1.8019979319837856
Nrg4,1.7393878487160364
Nrip1,1.7476133409673642
Nrn1,1.633340200346511
Nrp2,1.7152492100608672
Nsa2,1.7731926152075854
Nsdhl,1.744564451584848
Nsrp1,1.7671694783576646
Nt5c,1.7167944324193165
Ntng2,1.8194059687277115
Nuak1,1.7101783420283756
Nubpl,1.756368922122799
Nudt13,1.796998252553655
Nup35,1.7654543185385485
Nup37,1.72726337598068
Nup50,1.6908842932793953
Nupl2,1.738268218383033
Nwd1,1.7283927902454548
Nxn,1.7334948318923094
Nxph1,1.6571969620042795
Odc1,1.7504272749396348
Ofd1,1.7529529592747195
Oma1,1.7403856559920226
Omg,1.8175225733482887
Onecut2,1.7629094920527817
Orc6,1.7210721551373747
Os9,1.8364541496774216
Ostc,1.8419204249507066
Ostm1,1.7540476722544842
Otud6b,1.6697233504764741
P2ry12,1.7329422935699879
P2ry14,1.7420658976785874
P4ha2,1.6269076614157394
P4hb,1.7386916593149064
Pa2g4,1.7861860587360283
Pafah2,1.7537468666255747
Paip2b,1.7926539647343245
Pak6,1.7777163924611092
Pan2,1.7153295210128723
Panct2,1.6743373418239227
Pantr1,1.7459318556135102
Panx1,1.7557606821036829
Paqr8,1.741431647421928
Pard6g,1.7280658419099988
Park7,1.7306271397821706
Parm1,1.712469075118608
Parp16,1.7454657290914888
Parp4,1.7349261249895218
Parva,1.7558812111224515
Pate2,1.7363785394080606
Patz1,1.7095271323059964
Pbx4,1.7191279597259963
Pcbd1,1.837010225699452
Pcbd2,1.5068504412499018
Pcbp1,1.7232166189535068
Pccb,1.7614589524395627
Pcdh1,1.7328605996756474
Pcdh10,1.7455021738199101
Pcdh7,1.7359937456692827
Pced1a,1.7456509827192523
Pcgf5,1.820072640163985
Pck2,2.113771815254973
Pcnt,1.7240960827881173
Pcolce2,1.8382298145446734
Pcsk2os1,1.7458053220142766
Pcx,1.7442941834392194
Pcyox1,1.7314347479121484
Pdcd5,1.7191922653818663
Pde1c,1.751909952025651
Pde3a,1.7617797667200303
Pde8a,1.8328229265716662
Pde8b,1.8804291904602923
Pdgfa,1.7575287176201304
Pdgfc,1.7368745870347893
Pdgfd,1.780412696522824
Pdha1,1.7560531073868602
Pdia4,1.7451951420793703
Pdik1l,1.724743475811064
Pdk1,1.749936421659489
Pdzrn3,1.7471879783641346
Peak1,1.6723697451988433
Pex2,1.7456997918246133
Pex5l,1.7534134746802772
Pfdn5,1.9462249802702078
Pgap2,1.6572125248565848
Pgd,1.8648436845204879
Pgp,1.7313263076593974
Pgr15l,1.7443470039986628
Pgrmc2,1.8003768369970194
Phax,1.6594895537841823
Phf7,1.7684216258174208
Phka2,1.9097230028198848
Phlda1,1.8073172856318693
Phox2b,1.7437860425797125
Phykpl,1.840481655860098
Pigg,1.794133178279605
Pik3cb,1.7403408413882158
Pik3cd,1.7771377250304223
Pik3r1,1.7666639405477222
Pik3r3,1.6911574765211426
Pik3r4,1.753743411574933
Pim2,1.8431272509361298
Pir,1.7620751496328362
Pitpnc1,1.8562983111300178
Pitpnm3,1.7748347207526356
Pitrm1,1.836904662566976
Pkd2l2,1.7550526383433684
Pkib,1.8036276624479788
Pknox1,1.758841039353228
Pla2g4d,1.7653367761207561
Pla2g6,1.8110511118079506
Pla2g7,1.7469964960623359
Plcb1,1.7406004128371098
Plch1,1.737583646145411
Plek,1.8756766769844742
Plekha3,1.7621061089831167
Plekhh1,1.7081964768575713
Plekhh2,1.741987877500058
Plk3,1.578490534150611
Plpp3,1.6696891810100767
Plppr3,1.7443768948298917
Pls1,1.7572970277144369
Pls3,1.7414129572987413
Pms1,1.7398964310248024
Pms2,1.7559498680487704
Pmvk,1.7728273587271062
Pnck,1.764050997914629
Pnma2,1.797814379476812
Pnma3,1.7466196281938213
Pnpla7,1.7338585881971529
Pnrc1,1.712199340686393
Poc5,2.0186361744046115
Polk,1.8418015674542332
Polr2a,1.7236495308134503
Polr2b,1.7377084336308914
Polr3c,1.7452455332698358
Polr3g,1.7538449683412587
Polr3k,1.7041493117950468
Pon2,1.7899041741783106
Pop5,1.7304991829894523
Popdc3,1.7578293696642322
Pot1b,1.7660670214696714
Pou6f1,1.8501358580313605
Pou6f2,1.763549203335289
Ppa1,1.7372296068282873
Ppard,1.7767923425663295
Pparg,1.747499096759938
Ppargc1a,1.7515165717407961
Ppat,1.5238960836682156
Pphln1,1.745109148057824
Ppil3,1.7313876802795265
Ppm1d,1.8187133901146757
Ppm1k,1.731338837787524
Ppp1r11,1.8499411457841781
Ppp1r14b,1.7265821994016535
Ppp1r16b,1.8781689953479865
Ppp1r7,1.7581306974922744
Ppp1r8,1.711259760093305
Ppp2r5a,1.7333217015457147
Prag1,1.7166808741599704
Prcp,1.7828396030686815
Prdm15,1.7528806598941402
Prdm4,1.8600389114277827
Prdm5,1.7635682063223734
Prelid3a,2.000084646052871
Prim2,1.8987775875037871
Prkaa1,1.6624835907095878
Prkag1,1.7948088130433282
Prkra,1.7680464349071026
Prmt9,1.7478917244325818
Prorp,1.7655229222426367
Pros1,1.8214062192664657
Prpf3,1.8456716032046625
Prpf38a,1.7151212791401393
Prr16,1.769004082071085
Prrg1,1.7393548416167537
Prtg,1.8114869959896702
Prxl2a,1.788041014642503
Psen2,1.747786175664941
Psg16,1.7719214982564813
Psma4,1.7250887684893121
Psmd9,1.7072638325587532
Psph,1.7433599143542335
Pstpip2,1.7400159669428972
Ptch1,1.8129190044747783
Ptger3,1.7035690221745718
Ptma,1.7023377116861325
Ptpn3,1.9149349885696456
Ptpre,1.7578037276513745
Ptprj,1.7591330770900029
Ptprk,1.7924876067111344
Purb,1.9838646701501117
Pwp1,1.7570318640461196
Pwwp3b,1.7676013436875597
Pxmp4,1.737451943660479
Pygo1,1.7949268014821373
Pyroxd1,1.6868956564944817
Qrsl1,1.7560803759277506
Rab10os,1.7723941586510905
Rab11fip5,1.7320717336253864
Rab34,1.7434598888176263
Rab39b,1.7426398751144843
Rab3ip,1.7217780299554961
Rab40b,1.7293503115639477
Rab43,1.649747288226893
Rab8b,1.6900267560927922
Rad18,1.7991159591989618
Rad50,1.7257334234279404
Rad51ap2,1.7415050623075061
Rad9b,1.7615941061963156
Rai14,1.8776446799213067
Rai2,1.744976609379778
Ralb,1.6689470481150366
Ralgps2,1.9893340594411002
Ranbp3,1.7531362274910536
Rap2a,1.765432229632967
Rasa3,1.9483242804996457
Rasgef1c,1.7617312048513916
Rassf1,1.7454665715564948
Raver2,1.7250259803882506
Rbbp8,1.7383167406612063
Rbfox3,1.9742934592538024
Rbks,1.7353301897533826
Rbm11,1.7249290036799776
Rbm15,1.7495543205821558
Rbm20,1.7851307560951066
Rbm41,1.7600986154219815
Rbm8a,1.575682293841255
Rbmxl1,1.7709955727823203
Rbpj,1.8186290723836456
Rcc2,2.010188187825551
Rcl1,1.7668094853585374
Rcn1,1.720074989272773
Rcor1,1.8823048142798833
Rdh11,1.8204427262215122
Rdh14,1.7443582978135734
Reck,1.7698994662463328
Recql,1.7610028970564264
Reep3,1.733911933495416
Ret,1.696821691959767
Rfesd,1.873579466529309
Rfwd3,1.789145505616132
Rgl1,1.7706170254845788
Rgs12,1.7579191931784535
Rgs2,1.884904083924354
Rgs20,1.730693750390004
Rgs3,1.6489510950129507
Rgs4,1.719457373849554
Rgs6,1.6998359585561393
Rhbdd1,1.6805124867140513
Rhobtb3,1.8289993066241335
Rilpl1,1.709651845658687
Rimklb,1.7507995265036285
Rint1,1.762776739578663
Riox2,1.8981148884890784
Ripor2,1.722960848954733
Rnaseh2b,1.7477332990387495
Rnasek,1.759273249858824
Rnf128,1.7525945432824745
Rnf141,1.7404658599867209
Rnf144b,1.8393339879763095
Rnf149,1.5697951132465267
Rnf168,1.7464694903482154
Rnf185,1.7635426422898965
Rnf19b,1.7247715655119942
Rnf227,1.8353286257135035
Rnft1,1.8101781787690574
Rp2,1.7625909015720276
Rpap2,1.7479248784767365
Rpap3,1.660408076639718
Rph3al,1.7682952313762437
Rpl12,1.7595372831100395
Rpl18a,1.7318788398149938
Rpl28,1.7545694474593059
Rpl31,1.6931286630939644
Rpl34,1.8302481643602286
Rpl35a,1.7769874198137507
Rpl38,1.7831494090850426
Rpl39,1.7313058583738472
Rps10,1.7482045454419193
Rps19,1.8479103512935457
Rps25,1.7208934795476085
Rps6ka1,1.7419433257450487
Rragd,1.7682259716811133
Rrm2b,1.7074201684615233
Rsf1os1,1.7178889063215366
Rsph10b,1.7442262619764413
Rsph3a,1.913897662440488
Rsph3b,1.7974985527968441
Rtl4,2.094729097318758
Rtn4ip1,1.7017196791714755
Runx2,1.7826045135349389
Rwdd3,1.8628533514389833
Rwdd4a,1.6619350547521106
Rxylt1,2.053382476073375
Ryr3,1.73386793194642
S100a10,1.9058376161739052
Sag,1.666532227838017
Sall1,1.8051883674145635
Sall3,1.466729334965646
Samd5,1.7429427624109817
Samhd1,1.7012595047477788
Sash1,1.73805707862002
Sat1,1.7668081524626498
Sav1,1.7194851706450263
Saysd1,1.7280032476040763
Scg2,1.3484372842512726
Scn9a,1.8850521919037972
Scp2,1.7549360250084685
Scrn3,1.7464437365886372
Scube1,1.9197338685550038
Scyl3,1.8141958585482831
Sdhaf3,1.7566903684249657
Selenos,1.7756951875875118
Sema3c,1.7045883525160352
Sema4f,1.7629389381368872
Sema5b,1.7109795995369652
Sephs1,2.0632719534039685
Sept1,1.8157924028500836
Sept10,1.7431637632130152
Setbp1,1.5738313581908088
Sfmbt1,1.8133064107235077
Sfr1,1.778012866576529
Sft2d3,1.5982602619831061
Sfxn4,1.718887434514347
Sgcb,1.9644923879115352
Sgms2,1.826870477157537
Sgpp1,1.780162665649825
Sh3bgrl,1.7432978347238033
Sh3gl3,1.7143913116137408
Sh3kbp1,1.6926175256616771
Sh3yl1,1.7866587058333632
Sharpin,1.7617735702244062
Shc3,1.7460979729660246
Shc4,1.7124797795307902
Shd,1.6358501955382543
Shisa4,1.7357706107644155
Shisa9,1.7424350181049117
Shisal2b,1.7313873174530825
Shkbp1,1.738380618728636
Shld2,1.7311861368243586
Shq1,1.8204703602199706
Shroom2,1.7641026235629438
Shroom3,1.7524309320725553
Siae,1.7413821656200004
Sidt1,1.7041374105145406
Sinhcaf,1.8634882980890888
Sirt1,1.706856370179079
Skap1,1.771829542037393
Slc12a1,1.7393934450828406
Slc12a2,1.7320017940676962
Slc15a2,1.7383782072213665
Slc15a4,1.7561515726450159
Slc16a10,1.7293997334933002
Slc16a7,1.7822062285323577
Slc1a2,1.7499293549491737
Slc22a23,1.7658570457688183
Slc22a4,1.74196941286562
Slc25a13,1.7212881130140103
Slc25a17,1.7158442888079035
Slc25a42,1.7268336793712598
Slc25a43,1.7244794916093988
Slc25a53,1.7334541077723633
Slc30a4,1.6916149428862746
Slc35a5,1.7388430121032905
Slc35f4,1.7739146236092895
Slc35f6,2.091692122798036
Slc35g2,1.6757296858400788
Slc38a11,1.7646390997641708
Slc39a12,1.7362763311680556
Slc39a6,1.7567168394218862
Slc39a9,1.7430034788901232
Slc44a1,1.7024584110070462
Slc6a11,1.6714841657961124
Slc7a14,1.7196318948899239
Slc7a5,1.8477628090792317
Slc7a8,1.7902078056340271
Slc8a2,1.718667613900318
Slc9b1,1.619318484841468
Slco4c1,1.7372481473668906
Slit1,1.7481226776945709
Slit3,1.686053309107339
Slitrk1,1.7224452250599813
Slu7,1.749681211110633
Smad5,1.7276094070232269
Smad9,1.7693983199066978
Smc1a,1.9007755174957088
Smdt1,1.7765926949132878
Smg9,1.7768380119790674
Smim19,1.4837859583399982
Smim4,1.9723169654106918
Smpdl3a,1.7652250753313723
Smyd4,1.7351903179066335
Smyd5,1.890741933872612
Sncg,1.6884864253198582
Sned1,1.7859711431845904
Snhg4,1.7448848859759232
Snrpb,1.7600051371803702
Snta1,1.8032814392881924
Sntb2,1.944283808529199
Sntg2,1.7085753150489456
Snu13,1.8288685798740825
Snupn,1.6553060381149678
Snw1,1.7428188080453857
Snx15,1.824497161731931
Snx5,1.7423560631115538
Soat1,1.7592062218758238
Socs2,1.7794189612825393
Socs4,1.7039649879763548
Sox11,1.6776188434318156
Sox5,1.7545661553584826
Spag16,1.7329580634428239
Sparc,1.7316219676568447
Spata6,1.7671627405598365
Spice1,1.8285556319507117
Spon1,1.7182812883320093
Spred3,1.7270122440140823
Spryd7,1.7398726760564238
Srbd1,1.7078474730393218
Srfbp1,1.7328294966545303
Srl,1.7087690967378513
Srp19,1.7577085975425832
Srp9,1.7280990211830989
Srrm4,1.763376133681544
Ss18,1.8083568798604022
Ssr1,1.7382513348608333
Ssr3,1.7783951650105059
Sstr2,1.7343374592971617
St3gal5,1.9292762807963553
St3gal6,1.7764709397828335
St6gal2,1.7224090300338157
St6galnac3,1.698368759697927
St6galnac6,1.7911589404351738
St8sia2,1.735627850695206
St8sia3,1.6784539693865577
St8sia6,1.7311906039464275
Stac,1.7511382880200428
Stambp,1.6793798416468946
Stard4,1.6396393374857843
Stat2,1.7338198467476669
Stk10,1.7592048254723334
Stk32b,1.7580758176170375
Stk33,1.6810891116630386
Stmn4,1.740702265915845
Stn1,1.7039278764127126
Stpg2,1.6784894744212597
Strip2,1.7869069066068763
Stxbp3,1.623494575592811
Stxbp5l,1.7047990902063643
Sugct,1.7441245653029327
Sulf1,1.7315245332588158
Sumf1,1.7556735970433264
Susd1,1.7216847575591876
Susd2,1.751764258671801
Sv2b,1.736130510655087
Svip,1.738717818683906
Swi5,1.7305889709068487
Sycp2,1.7655879328237967
Sycp3,1.7194417184580908
Syndig1,1.7307731277586158
Synpo2,1.7374758291761605
Syt2,1.7516534796031749
Sytl2,1.7394327033657133
Sytl5,1.8075383845478414
Tacr3,1.7592143371267075
Tada2a,1.5036143603613337
Taf13,1.7873986611401043
Taf1a,1.7401319394082408
Taf4b,1.7708108177361326
Taf7,1.691799903092322
Taf9b,1.6972972835285072
Tanc1,1.6990686210106651
Tango6,1.7121063285649432
Tarbp1,1.9007974061649775
Tarbp2,1.7879334267544431
Tarsl2,1.71679998325766
Tbc1d22b,1.8532046142681118
Tbc1d30,1.7558579456473444
Tbkbp1,1.7370425624876147
Tcaim,1.7396476838756918
Tceal3,1.7354988494862542
Tceal5,1.738898585782239
Tceal9,1.8277836402160188
Tcf4,1.7981163370910538
Tctex1d1,1.7596281280119541
Tctex1d2,1.7978976809693192
Tdrkh,1.7672397151608894
Tent5d,1.6566496892658136
Tep1,1.7635583074284737
Tes,1.7735728092091019
Tex9,1.7944115558099485
Tfeb,1.7164611737538356
Tgfa,1.7515246466576286
Tgfb2,1.917437204721364
Tgfbr1,1.7692683651656649
Tgfbr3,1.8245885090744105
Tgoln1,1.7884663578777253
Thap12,1.759489343616178
Thap3,1.8030516294670773
Thap4,1.7289804538408504
Them4,1.715898960555317
Thumpd2,2.0661197268760785
Thy1,1.7536253083902997
Tiparp,1.729250163306762
Tjp2,1.8221318268728086
Tle1,1.7048521013740061
Tle4,1.7437991880156178
Tll2,1.6803162451649043
Tm2d3,1.6456047795732078
Tm4sf1,1.7782083147362926
Tm6sf1,1.748512926796785
Tm7sf3,1.7445615656084683
Tmbim4,1.7517662520399202
Tmc3,1.6936076555580297
Tmcc2,1.747484902854477
Tmco1,1.75429260550883
Tmed7,1.7575498488406562
Tmed8,1.7704416370040603
Tmem123,1.7140671979823454
Tmem126b,1.8569717030090738
Tmem132b,1.7860790390564418
Tmem132d,1.7485328341222428
Tmem138,1.8392982867952425
Tmem150a,1.7503623560238029
Tmem168,1.7333168125418212
Tmem17,1.9468644674360924
Tmem170,1.7440164959176088
Tmem178,1.6873248109220862
Tmem18,1.8635597094221061
Tmem189,1.803631339342669
Tmem192,1.7555283619891824
Tmem196,1.7340018382901834
Tmem209,1.6940096061719063
Tmem218,1.725483721024879
Tmem219,1.7347850755376624
Tmem229b,1.922219882305942
Tmem237,1.700668237535126
Tmem26,1.7150088521164695
Tmem266,1.8737258601298483
Tmem35a,1.753511648396913
Tmem47,1.773288485712719
Tmem59l,1.6509422619505938
Tmem60,1.7340175181417743
Tmem62,1.7437136558951312
Tmem64,1.908459035535897
Tmem68,1.76950788714418
Tmem9,1.7712690585436381
Tmem91,1.7413542283079313
Tmlhe,1.8690524868594207
Tmod1,1.7830351407186833
Tnfrsf21,1.7599252007466422
Tnik,1.9657924724122253
Tnip1,1.7832804385106338
Tnr,1.752183127044127
Topbp1,1.7147413479495084
Topors,1.7348465924958874
Tor1aip1,1.7777471078231302
Tpd52l1,1.8470669311878312
Tpm4,1.777188059481922
Tppp,1.914985456929187
Tprkb,1.716549667574709
Traf3ip1,1.7532197437212205
Traf6,1.5940478053055294
Traf7,1.7716513320885126
Trappc13,1.9429038655180428
Trdmt1,1.7132107982940818
Trf,1.7320172196067347
Trib2,1.7409861504683963
Trim14,1.8572400158076456
Trim67,1.964497357907885
Triqk,1.7422320326452796
Trmt61b,1.7871698158575813
Trmt9b,1.9016451227996838
Trpc5,1.76307133555215
Trpm3,1.921017689131827
Trpm4,1.7617942133176692
Trub2,1.7848076926448642
Tsacc,1.750621866982618
Tsen2,1.7643043959647289
Tshz2,1.4766967196077658
Tspan2,1.792118880628703
Tspan33,1.906013164376281
Ttc26,1.7563092837376473
Ttc33,1.7251414668472869
Ttc39aos1,1.7613726134874934
Ttc7,1.7512576222624159
Tti1,1.7702060505488275
Ttll1,1.758721273690183
Ttll4,1.7514177196871656
Ttyh1,1.8563110827893776
Twistnb,1.7799629151670404
Txn1,1.6950249626472287
Txndc17,1.7116199098481808
Uaca,1.822676727480827
Uap1,1.7357459056273554
Ube2cbp,1.7646224506653374
Ube2ql1,1.743617334362807
Ube2s,1.708084535758437
Ubtd1,1.7184731433972806
Ubtf,1.7068507748770585
Ubxn11,1.7391020821310055
Uchl1os,1.7852982543439417
Uchl5,1.7373788698998058
Uck2,1.789404114865785
Uckl1,1.902819025204908
Uevld,1.7411841757675361
Uhrf1bp1,1.721791726232294
Usp28,1.7136036811844972
Usp3,1.789824020109369
Usp35,1.68583523440126
Ust,1.7516298073792826
Uty,1.7424171602491791
Vav2,1.7570120409275403
Vav3,1.8626813661774115
Vegfd,1.7941948065546112
Vezf1,1.7773827350336606
Vgll4,1.7956615492480652
Vipr2,1.8422514597184447
Vldlr,1.7405907275878214
Vma21,1.7481422370511628
Vps36,1.7611561297440907
Vps37b,1.7248708083576247
Vps37d,1.9397153915014778
Vps72,1.6674349161754436
Vrk1,1.7453979110028777
Vstm2a,1.7039904658211564
Vwa5a,1.72591108357009
Wars2,1.7469515317499011
Washc3,1.7819119101935612
Wdr19,1.7383349924476243
Wdr25,1.7425669686397005
Wdr61,1.7818798943132166
Wdr73,1.744592644817811
Wdr92,1.6783495996971662
Wipi1,1.8037231073707483
Wiz,1.7200140204987517
Wnt5b,1.7469490953803795
Wrnip1,1.7553174204532367
Wscd2,1.73797596024289
Xist,1.6777967755084329
Xndc1,1.8877321536780072
Xxylt1,1.7327057359304219
Yae1d1,1.7441144946173932
Ydjc,1.849422173451874
Yipf1,1.9873391198733266
Ypel5,1.924202516742558
Zbed4,1.7675484155725896
Zbed5,2.294811843315635
Zbtb1,1.7425112836913366
Zbtb10,1.997517996052012
Zbtb26,2.1040176143751212
Zbtb37,1.709448825973886
Zbtb40,1.7666865978941013
Zbtb46,1.7326916272542798
Zbtb7c,1.6885371324146674
Zbtb8os,1.751161987372576
Zbtb9,3.318265499277989
Zcchc4,1.8100232847378628
Zcchc9,1.8260111323905406
Zdhhc15,1.7065019306055937
Zdhhc6,1.7891343413045016
Zdhhc9,1.7729632464079534
Zeb2,1.77710614968805
Zfp105,1.7869860483153241
Zfp143,1.7379579692214233
Zfp2,1.8694333533286356
Zfp213,1.7188279813258047
Zfp239,1.8087957348425374
Zfp248,1.7477137158788845
Zfp267,1.6761767787628878
Zfp28,2.168047466119391
Zfp286,1.804073125050374
Zfp30,1.7574106624328638
Zfp317,1.7380200072961334
Zfp335os,1.7398618786282323
Zfp354c,1.7556915527094294
Zfp365,1.7900211471928766
Zfp438,1.742054384057541
Zfp442,1.7645396469913224
Zfp458,1.747225389251725
Zfp57,1.7440235440175538
Zfp618,2.0493214048207253
Zfp641,1.751198279994487
Zfp646,1.8171454648901497
Zfp68,1.8346683521410703
Zfp710,1.7567418533263541
Zfp711,1.7482726183478177
Zfp72,1.7335541918730448
Zfp777,2.4400165961790203
Zfp780b,2.542176156245145
Zfp804a,1.7974502523489262
Zfp804b,1.7109712710862657
Zfp81,1.718411115600208
Zfp811,1.7481988648910072
Zfp90,1.6942861272846386
Zfp931,1.7204938303657196
Zfp934,1.7637464412094557
Zfp951,2.0707852300861798
Zfp952,1.6778702126993836
Zfp955b,1.7699638412357883
Zfp956,1.8624186067201591
Zfp974,1.7511192903177548
Zfp976,1.7724274532321993
Zfpm2,1.7860055298267192
Zfyve19,1.7685516614885473
Zhx2,1.883018357179807
Zmat2,1.6809007550186825
Zmat5,1.7611997396640204
Zmiz1os1,1.9603540936233317
Zmpste24,1.8609379345344117
Znfx1,1.198815284221686
Znrf2,2.259176701553496
Znrf3,2.472487460684834
Zranb3,2.6396175537602886
Zscan21,2.000733105793142
Zswim3,1.7327984437961241
Zswim5,1.7772305901476422
Zswim7,1.7015139718096355
Zswim9,1.5206339136705838
mt-Atp8,1.797268161337168
mt-Nd4l,1.5936198978686034
